test_po_80cdhit_1,ETWRTEAPSATGQASSLLGGRLLGQ,1
test_po_80cdhit_2,LGGIVSAVKKIVDFLG,1
test_po_80cdhit_3,GRKKRRQRRRGGWMWVTNLRTD,1
test_po_80cdhit_4,FAKLAKKALAKLL,1
test_po_80cdhit_5,KIAKVALAKLGIGAVLKVLTTGL,1
test_po_80cdhit_6,FLGALFKALSKLL,1
test_po_80cdhit_7,PLLQATLGGGS,1
test_po_80cdhit_8,FAKLLALALKLKL,1
test_po_80cdhit_9,AAVPIVNLKDELLFPSWEALFSGSE,1
test_po_80cdhit_10,GKWKKILGKLIR,1
test_po_80cdhit_11,GFFALIPKIISSPLFKTLLSAVGSALS,1
test_po_80cdhit_12,PAWRKARRWAWRMKKLAA,1
test_po_80cdhit_13,HSHRDFQPVLHLVALNSPLSGGMRG,1
test_po_80cdhit_14,FAKLLAKLAKKSL,1
test_po_80cdhit_15,FAKAIAKIAFGKGIGKVGKKLL,1
test_po_80cdhit_16,ESFSDWWKLLAE,1
test_po_80cdhit_17,PAWAKAFRAAARMKLKAA,1
test_po_80cdhit_18,FAVGLRAIKRALKKLRRGVRKVAKDL,1
test_po_80cdhit_19,KLALKLALKALKAAKLA,1
test_po_80cdhit_20,KWWKKAAKAAKKAAKAAKKWA,1
test_po_80cdhit_21,FAKLLKLAAKKLL,1
test_po_80cdhit_22,KVKVKVKVPPTKVKVKVK,1
test_po_80cdhit_23,FAKKLAKKLKKLAKKLAKLAKKL,1
test_po_80cdhit_24,KWKSFLKTFKSLKKTVLHTLLKLISS,1
test_po_80cdhit_25,KWKLAKKALALL,1
test_po_80cdhit_26,TFRAFLSSRLQDLYSIVRRADRAAV,1
test_po_80cdhit_27,NHFTLKCPKTALTEPPTLAY,1
test_po_80cdhit_28,FAKLLAKALKKFAL,1
test_po_80cdhit_29,PAWRKAFRAAWRMLKKAA,1
test_po_80cdhit_30,KILRGVAKKIMRTFLRRISKKILTGKK,1
test_po_80cdhit_31,FALAKLAKKAKAKLKKALKAL,1
test_po_80cdhit_32,TKALGEVDILLTWMQKFYKL,1
test_po_80cdhit_33,MRGIRGADFQAFQQARAVGLAGTFR,1
test_po_80cdhit_34,PDEDAINNALNKVCSTGRRQRSICKQLLKK,1
test_po_80cdhit_35,FAKLLAKLAKAKG,1
test_po_80cdhit_36,KLLKLLLKLYKKLLKLL,1
test_po_80cdhit_37,RGDLLRHVVKILSKYL,1
test_po_80cdhit_38,KWKKLLKKPPPLLKKLLKKL,1
test_po_80cdhit_39,KRLRRVWRRWR,1
test_po_80cdhit_40,MPKEKVFLKIEKMGRNIRN,1
test_po_80cdhit_41,GVGSPYVSRLLGICL,1
test_po_80cdhit_42,GIGKFLHAAKKFAKAFVAEIMNS,1
test_po_80cdhit_43,VAKLLAKALKKLL,1
test_po_80cdhit_44,VAKKLAKLAKKLAKLALAL,1
test_po_80cdhit_45,VAKALAKALLKALKAL,1
test_po_80cdhit_46,YGRKKRRQRRRREADFFWSLCTADMS,1
test_po_80cdhit_47,FKRLAKIKVLRLAKIKR,1
test_po_80cdhit_48,KYKKALKKLAKLL,1
test_po_80cdhit_49,GFGSKPIDSFGLSWL,1
test_po_80cdhit_50,GIIKKIIKKIIKKIIKKI,1
test_po_80cdhit_51,KWKSFAKTFKSAKKTVAHTALKAISS,1
test_po_80cdhit_52,FAKGVGKVGKKAL,1
test_po_80cdhit_53,QAANVAATLKG,1
test_po_80cdhit_54,GTSCGETCVLLPCLSSVLGCTCQNKRCYKD,1
test_po_80cdhit_55,KAAKKAWKAWKKAAKAAWKKAA,1
test_po_80cdhit_56,FAKFLAKFLKKAL,1
test_po_80cdhit_57,HPTWPQKSVWHGSDPNGRRLTESY,1
test_po_80cdhit_58,TRSSRAGLQWPVGRVHRLLRKGGC,1
test_po_80cdhit_59,KTKLFKKFAKKLAKKLKKLAKKL,1
test_po_80cdhit_60,TAGIKLTVPIEKFPVTTQTFWG,1
test_po_80cdhit_61,FLGWLFKWAWK,1
test_po_80cdhit_62,VNFKKLLGKLLKVVK,1
test_po_80cdhit_63,FAKLFAKLAKKFAL,1
test_po_80cdhit_64,KKKFPWWWPFKKKCKKKFPWWWPFKKKC,1
test_po_80cdhit_65,FLGMIPKLIKKLIKAFK,1
test_po_80cdhit_66,TKPRKTKPRKTKPRKTKPR,1
test_po_80cdhit_67,FKLAFKLAKKAFL,1
test_po_80cdhit_68,GFGMALRLLRRVL,1
test_po_80cdhit_69,FCTCNVKGFNAKNKRGIIYP,1
test_po_80cdhit_70,ACDCRGDCFCGGGGIVRRADRAAVP,1
test_po_80cdhit_71,FALAAKALKKLAKKLKKLAKKAL,1
test_po_80cdhit_72,ILRWPWWPWRRK,1
test_po_80cdhit_73,VNWRRILGRIIRVVR,1
test_po_80cdhit_74,GQVWEATATVNAIRGSVTPAVSQFNARTAD,1
test_po_80cdhit_75,KWKLFKKKTKLFKKFAKKLAKKL,1
test_po_80cdhit_76,RKAFRWAWRMLKKAAPSITCVR,1
test_po_80cdhit_77,GLFKVIKKVAKVIKKL,1
test_po_80cdhit_78,FLKLLAGLLKNFA,1
test_po_80cdhit_79,VAKKFAKKFKKFAKKFAKFAFAF,1
test_po_80cdhit_80,GSEGPLKPGARIFSFDGKDVLRHPT,1
test_po_80cdhit_81,FAKIIAKIAKIAKKIL,1
test_po_80cdhit_82,AWKKWAKAWKWAKAKWWAKAA,1
test_po_80cdhit_83,KAAKKWAKAAKKWAKAWKKAA,1
test_po_80cdhit_84,FAKKLAKKLKKLAKKLIGAVLKV,1
test_po_80cdhit_85,FLSLIPKLVKKIIKAFK,1
test_po_80cdhit_86,GIGKFLHSAKKWGKAFVGQIMNC,1
test_po_80cdhit_87,LGQSAASAHHAYIVLAIENSFMTASKKK,1
test_po_80cdhit_88,VNWKKVLGKVVKVVK,1
test_po_80cdhit_89,GMWSKLLGHLLR,1
test_po_80cdhit_90,KAQIRAMECNIL,1
test_po_80cdhit_91,LRVRLASHLRKLRKRLLRDADDLQKRLAVY,1
test_po_80cdhit_92,VNWKKIILGKIIKVVK,1
test_po_80cdhit_93,PAARKAARWAWRMLKKGA,1
test_po_80cdhit_94,RAGLQFPVGRLLRRLLRRLLR,1
unip30_cdh10_stdif_dpAmpepTr30_iamp2l_ampScan_ampepTr_cdh8_sample94_1,NYIYSGHNYHQ,0
unip30_cdh10_stdif_dpAmpepTr30_iamp2l_ampScan_ampepTr_cdh8_sample94_2,DPNATIIMLGTGTGIAPFR,0
unip30_cdh10_stdif_dpAmpepTr30_iamp2l_ampScan_ampepTr_cdh8_sample94_3,MGQGAVEGQLFYNVQ,0
unip30_cdh10_stdif_dpAmpepTr30_iamp2l_ampScan_ampepTr_cdh8_sample94_4,MSQASSSPGEGPSSEAAAISEAEAASGS,0
unip30_cdh10_stdif_dpAmpepTr30_iamp2l_ampScan_ampepTr_cdh8_sample94_5,INWKKIASIGKEVLKAL,0
unip30_cdh10_stdif_dpAmpepTr30_iamp2l_ampScan_ampepTr_cdh8_sample94_6,MKKAWWKEGVVYQIY,0
unip30_cdh10_stdif_dpAmpepTr30_iamp2l_ampScan_ampepTr_cdh8_sample94_7,AINSESGVRSVVPQPCNALPNQGPEK,0
unip30_cdh10_stdif_dpAmpepTr30_iamp2l_ampScan_ampepTr_cdh8_sample94_8,NWRKILGKIAKVAAGLLGSMLAGYQV,0
unip30_cdh10_stdif_dpAmpepTr30_iamp2l_ampScan_ampepTr_cdh8_sample94_9,YGEPIGVETLTK,0
unip30_cdh10_stdif_dpAmpepTr30_iamp2l_ampScan_ampepTr_cdh8_sample94_10,AGDTSSEAKGMWFGPRL,0
unip30_cdh10_stdif_dpAmpepTr30_iamp2l_ampScan_ampepTr_cdh8_sample94_11,ALSVPVFAVAPLNKK,0
unip30_cdh10_stdif_dpAmpepTr30_iamp2l_ampScan_ampepTr_cdh8_sample94_12,TEVTFKVGEGSSGKS,0
unip30_cdh10_stdif_dpAmpepTr30_iamp2l_ampScan_ampepTr_cdh8_sample94_13,SLINTEVKPFQATAYHNGQFVEVNE,0
unip30_cdh10_stdif_dpAmpepTr30_iamp2l_ampScan_ampepTr_cdh8_sample94_14,MDSVTIAWAALMAISTFSLSLVVRGRSGL,0
unip30_cdh10_stdif_dpAmpepTr30_iamp2l_ampScan_ampepTr_cdh8_sample94_15,ANFEIVNNCPYTVWAAASPGGGRRLDRGQT,0
unip30_cdh10_stdif_dpAmpepTr30_iamp2l_ampScan_ampepTr_cdh8_sample94_16,TIFLQQQQQQQQQQQ,0
unip30_cdh10_stdif_dpAmpepTr30_iamp2l_ampScan_ampepTr_cdh8_sample94_17,QSPKDAYPYDISELVKDAYPYDISELVK,0
unip30_cdh10_stdif_dpAmpepTr30_iamp2l_ampScan_ampepTr_cdh8_sample94_18,KNWAVLVAGSNGWPNYRHHA,0
unip30_cdh10_stdif_dpAmpepTr30_iamp2l_ampScan_ampepTr_cdh8_sample94_19,MIYDSQVYTVLLIALLASVLAIRLGSTLYQ,0
unip30_cdh10_stdif_dpAmpepTr30_iamp2l_ampScan_ampepTr_cdh8_sample94_20,GVVDSAIDAETR,0
unip30_cdh10_stdif_dpAmpepTr30_iamp2l_ampScan_ampepTr_cdh8_sample94_21,GVVDILKGAAKDLAGHLASKVMNKI,0
unip30_cdh10_stdif_dpAmpepTr30_iamp2l_ampScan_ampepTr_cdh8_sample94_22,KSTDFDYNNKKANYD,0
unip30_cdh10_stdif_dpAmpepTr30_iamp2l_ampScan_ampepTr_cdh8_sample94_23,FLNPFRWMINKYREWKNKKN,0
unip30_cdh10_stdif_dpAmpepTr30_iamp2l_ampScan_ampepTr_cdh8_sample94_24,GSTSECFWKYCV,0
unip30_cdh10_stdif_dpAmpepTr30_iamp2l_ampScan_ampepTr_cdh8_sample94_25,VNSTYIGYAPIDDPK,0
unip30_cdh10_stdif_dpAmpepTr30_iamp2l_ampScan_ampepTr_cdh8_sample94_26,YSSQLAQVQGLIGNVESQLAEIR,0
unip30_cdh10_stdif_dpAmpepTr30_iamp2l_ampScan_ampepTr_cdh8_sample94_27,RGSNLTIHPLRNIKDLVYLGNMGIG,0
unip30_cdh10_stdif_dpAmpepTr30_iamp2l_ampScan_ampepTr_cdh8_sample94_28,VVGGAECKIDGHRCLALLY,0
unip30_cdh10_stdif_dpAmpepTr30_iamp2l_ampScan_ampepTr_cdh8_sample94_29,VALGGCLPTVQLGR,0
unip30_cdh10_stdif_dpAmpepTr30_iamp2l_ampScan_ampepTr_cdh8_sample94_30,VKSTGRADDDLAVKTKYLPP,0
unip30_cdh10_stdif_dpAmpepTr30_iamp2l_ampScan_ampepTr_cdh8_sample94_31,SIYERCELARELINR,0
unip30_cdh10_stdif_dpAmpepTr30_iamp2l_ampScan_ampepTr_cdh8_sample94_32,RPRPQQFFGLM,0
unip30_cdh10_stdif_dpAmpepTr30_iamp2l_ampScan_ampepTr_cdh8_sample94_33,ARRRRRHASTKLKRRRRRRRHGKKSHK,0
unip30_cdh10_stdif_dpAmpepTr30_iamp2l_ampScan_ampepTr_cdh8_sample94_34,VIGGVECDINEHRFL,0
unip30_cdh10_stdif_dpAmpepTr30_iamp2l_ampScan_ampepTr_cdh8_sample94_35,SSEAAPEEKVAILGA,0
unip30_cdh10_stdif_dpAmpepTr30_iamp2l_ampScan_ampepTr_cdh8_sample94_36,GRPNPVNNKPTPHPRL,0
unip30_cdh10_stdif_dpAmpepTr30_iamp2l_ampScan_ampepTr_cdh8_sample94_37,MYVLQEINPGITS,0
unip30_cdh10_stdif_dpAmpepTr30_iamp2l_ampScan_ampepTr_cdh8_sample94_38,ANPICPKIPNPTIRISGRNDLCVDVK,0
unip30_cdh10_stdif_dpAmpepTr30_iamp2l_ampScan_ampepTr_cdh8_sample94_39,GLLDVVKGAAKNLLASALDKLKCKVTGC,0
unip30_cdh10_stdif_dpAmpepTr30_iamp2l_ampScan_ampepTr_cdh8_sample94_40,FLAKKVAKKLVSHVAQKQME,0
unip30_cdh10_stdif_dpAmpepTr30_iamp2l_ampScan_ampepTr_cdh8_sample94_41,ATKGSSDNRVLTGV,0
unip30_cdh10_stdif_dpAmpepTr30_iamp2l_ampScan_ampepTr_cdh8_sample94_42,SKGKKANKDVELARG,0
unip30_cdh10_stdif_dpAmpepTr30_iamp2l_ampScan_ampepTr_cdh8_sample94_43,MTDTQVFVALLLALVPAVLAYRLGTELYR,0
unip30_cdh10_stdif_dpAmpepTr30_iamp2l_ampScan_ampepTr_cdh8_sample94_44,GLMSTLKGAATNAAVTLLNKLQCKLTGTC,0
unip30_cdh10_stdif_dpAmpepTr30_iamp2l_ampScan_ampepTr_cdh8_sample94_45,VEWTDAERKAIASL,0
unip30_cdh10_stdif_dpAmpepTr30_iamp2l_ampScan_ampepTr_cdh8_sample94_46,MSGRGKGGKGLGKGGAKRHRKVLRD,0
unip30_cdh10_stdif_dpAmpepTr30_iamp2l_ampScan_ampepTr_cdh8_sample94_47,KPKCGLCRYRCCSGGCSSGKCVNGACDCS,0
unip30_cdh10_stdif_dpAmpepTr30_iamp2l_ampScan_ampepTr_cdh8_sample94_48,GILDSLKNFAKDAAGILLKKASCKLSGQC,0
unip30_cdh10_stdif_dpAmpepTr30_iamp2l_ampScan_ampepTr_cdh8_sample94_49,MDIITLGWVGVLSVFTLSIAFVVWGRHGM,0
unip30_cdh10_stdif_dpAmpepTr30_iamp2l_ampScan_ampepTr_cdh8_sample94_50,TLNKVYKFDRDRRFL,0
unip30_cdh10_stdif_dpAmpepTr30_iamp2l_ampScan_ampepTr_cdh8_sample94_51,SHGKVETDEEFDARWVTYFS,0
unip30_cdh10_stdif_dpAmpepTr30_iamp2l_ampScan_ampepTr_cdh8_sample94_52,AELPQGLWVRPRLG,0
unip30_cdh10_stdif_dpAmpepTr30_iamp2l_ampScan_ampepTr_cdh8_sample94_53,GRNGKSQSIIVGPWGDRVTN,0
unip30_cdh10_stdif_dpAmpepTr30_iamp2l_ampScan_ampepTr_cdh8_sample94_54,ASIIKTTIKVSKAVCKTLTCICTGSCSNCK,0
unip30_cdh10_stdif_dpAmpepTr30_iamp2l_ampScan_ampepTr_cdh8_sample94_55,DISVVGGTGDFLMAR,0
unip30_cdh10_stdif_dpAmpepTr30_iamp2l_ampScan_ampepTr_cdh8_sample94_56,AEPLASQLKEPIAGGGWWAA,0
unip30_cdh10_stdif_dpAmpepTr30_iamp2l_ampScan_ampepTr_cdh8_sample94_57,MNKKSIRNVNLKGKRVFDRV,0
unip30_cdh10_stdif_dpAmpepTr30_iamp2l_ampScan_ampepTr_cdh8_sample94_58,VDPGESTFIDEGATGR,0
unip30_cdh10_stdif_dpAmpepTr30_iamp2l_ampScan_ampepTr_cdh8_sample94_59,MGQEQGIPWIL,0
unip30_cdh10_stdif_dpAmpepTr30_iamp2l_ampScan_ampepTr_cdh8_sample94_60,ANEAKVVLVADNVQGDN,0
unip30_cdh10_stdif_dpAmpepTr30_iamp2l_ampScan_ampepTr_cdh8_sample94_61,VDTVVRKNVDSL,0
unip30_cdh10_stdif_dpAmpepTr30_iamp2l_ampScan_ampepTr_cdh8_sample94_62,ISDDIQSIIQGIF,0
unip30_cdh10_stdif_dpAmpepTr30_iamp2l_ampScan_ampepTr_cdh8_sample94_63,EAGEECDCGTPENPCCDAAT,0
unip30_cdh10_stdif_dpAmpepTr30_iamp2l_ampScan_ampepTr_cdh8_sample94_64,PRRRTRRASRPVRRRRPRRVSRRRRARRRR,0
unip30_cdh10_stdif_dpAmpepTr30_iamp2l_ampScan_ampepTr_cdh8_sample94_65,MGQLNVLTGSKGEIR,0
unip30_cdh10_stdif_dpAmpepTr30_iamp2l_ampScan_ampepTr_cdh8_sample94_66,DKNAYGIDLIL,0
unip30_cdh10_stdif_dpAmpepTr30_iamp2l_ampScan_ampepTr_cdh8_sample94_67,VAGRSVVKIAEGYL,0
unip30_cdh10_stdif_dpAmpepTr30_iamp2l_ampScan_ampepTr_cdh8_sample94_68,EAAGLISFPRV,0
unip30_cdh10_stdif_dpAmpepTr30_iamp2l_ampScan_ampepTr_cdh8_sample94_69,GVPSVSTVNVAQKQHDVNFLLFKVYI,0
unip30_cdh10_stdif_dpAmpepTr30_iamp2l_ampScan_ampepTr_cdh8_sample94_70,GPLTILHINDVHAAFEQFNT,0
unip30_cdh10_stdif_dpAmpepTr30_iamp2l_ampScan_ampepTr_cdh8_sample94_71,APLTNEYLNHLCHKC,0
unip30_cdh10_stdif_dpAmpepTr30_iamp2l_ampScan_ampepTr_cdh8_sample94_72,MTTRGFSCLLLLIREIDLSAKRRI,0
unip30_cdh10_stdif_dpAmpepTr30_iamp2l_ampScan_ampepTr_cdh8_sample94_73,YRRRRRRGRRGRRRRGRRRRSRGRRRAHGG,0
unip30_cdh10_stdif_dpAmpepTr30_iamp2l_ampScan_ampepTr_cdh8_sample94_74,GAGGALFVHRD,0
unip30_cdh10_stdif_dpAmpepTr30_iamp2l_ampScan_ampepTr_cdh8_sample94_75,NLLQFNKMIKIMTKKNAIPFYSS,0
unip30_cdh10_stdif_dpAmpepTr30_iamp2l_ampScan_ampepTr_cdh8_sample94_76,LFGFLIPLLPHLIGAIPQVIGAIR,0
unip30_cdh10_stdif_dpAmpepTr30_iamp2l_ampScan_ampepTr_cdh8_sample94_77,SPAFQAQKQAKVNDVLDKLY,0
unip30_cdh10_stdif_dpAmpepTr30_iamp2l_ampScan_ampepTr_cdh8_sample94_78,QKKDKKDKFYGLF,0
unip30_cdh10_stdif_dpAmpepTr30_iamp2l_ampScan_ampepTr_cdh8_sample94_79,DPPDPDRFYGMM,0
unip30_cdh10_stdif_dpAmpepTr30_iamp2l_ampScan_ampepTr_cdh8_sample94_80,LVVELAPMEIR,0
unip30_cdh10_stdif_dpAmpepTr30_iamp2l_ampScan_ampepTr_cdh8_sample94_81,MVQRGSKVKILRPESYVYNEVGTVAS,0
unip30_cdh10_stdif_dpAmpepTr30_iamp2l_ampScan_ampepTr_cdh8_sample94_82,MSDTATRVQKIVVEHLGVESDKVTQE,0
unip30_cdh10_stdif_dpAmpepTr30_iamp2l_ampScan_ampepTr_cdh8_sample94_83,DLYGNIVLSGGSTMF,0
unip30_cdh10_stdif_dpAmpepTr30_iamp2l_ampScan_ampepTr_cdh8_sample94_84,IKITTMLAKLGKVLAHV,0
unip30_cdh10_stdif_dpAmpepTr30_iamp2l_ampScan_ampepTr_cdh8_sample94_85,QQDYGTGWMDF,0
unip30_cdh10_stdif_dpAmpepTr30_iamp2l_ampScan_ampepTr_cdh8_sample94_86,LAGLDTAIILIAFIITASVLAYV,0
unip30_cdh10_stdif_dpAmpepTr30_iamp2l_ampScan_ampepTr_cdh8_sample94_87,IKWKAILDAVKKVL,0
unip30_cdh10_stdif_dpAmpepTr30_iamp2l_ampScan_ampepTr_cdh8_sample94_88,MGDISPLTGTNGQIR,0
unip30_cdh10_stdif_dpAmpepTr30_iamp2l_ampScan_ampepTr_cdh8_sample94_89,SYAMEHFRWGKPV,0
unip30_cdh10_stdif_dpAmpepTr30_iamp2l_ampScan_ampepTr_cdh8_sample94_90,ALPNQQTVDYPSFKSNYNFEKPFLYLAR,0
unip30_cdh10_stdif_dpAmpepTr30_iamp2l_ampScan_ampepTr_cdh8_sample94_91,AGFVLKGYTKTSQ,0
unip30_cdh10_stdif_dpAmpepTr30_iamp2l_ampScan_ampepTr_cdh8_sample94_92,VNQSETPVKHIGKVF,0
unip30_cdh10_stdif_dpAmpepTr30_iamp2l_ampScan_ampepTr_cdh8_sample94_93,MSDELIHVVIALGLVISFGLGAITAGVLR,0
unip30_cdh10_stdif_dpAmpepTr30_iamp2l_ampScan_ampepTr_cdh8_sample94_94,PQTETKASVGFKAGVK,0
